<?xml version="1.0" encoding="UTF-8"?>
<project-private xmlns="http://www.netbeans.org/ns/project-private/1">
    <editor-bookmarks xmlns="http://www.netbeans.org/ns/editor-bookmarks/2" lastBookmarkId="0"/>
    <open-files xmlns="http://www.netbeans.org/ns/projectui-open-files/2">
        <group>
            <file>file:/C:/Users/userA/OneDrive/Dokumen/NetBeansProjects/Projek_Bp1_Perpustakaan/src/Koneksi/koneksi_1.java</file>
            <file>file:/C:/Users/userA/OneDrive/Dokumen/NetBeansProjects/Projek_Bp1_Perpustakaan/src/perpustakaan.java</file>
            <file>file:/C:/Users/userA/OneDrive/Dokumen/NetBeansProjects/Projek_Bp1_Perpustakaan/src/peminjaman.java</file>
            <file>file:/C:/Users/userA/OneDrive/Dokumen/NetBeansProjects/Projek_Bp1_Perpustakaan/src/mahasiswa_1.java</file>
            <file>file:/C:/Users/userA/OneDrive/Dokumen/NetBeansProjects/Projek_Bp1_Perpustakaan/src/login.java</file>
            <file>file:/C:/Users/userA/OneDrive/Dokumen/NetBeansProjects/Projek_Bp1_Perpustakaan/src/Koneksi/koneksi2.java</file>
        </group>
    </open-files>
</project-private>
